aminoglycoside	aac(2')-Ia
aminoglycoside	aac(2')-Ib
aminoglycoside	aac(2')-Ic
aminoglycoside	aac(2')-Id
aminoglycoside	aac(2')-Ie
aminoglycoside	aac(2')-IIa
aminoglycoside	aac(3)-I
aminoglycoside	aac(3)-Ia
aminoglycoside	aac(3)-Ib
aminoglycoside	aac(3)-Ib-aac(6')-Ib
aminoglycoside	aac(3)-Ic
aminoglycoside	aac(3)-Id
aminoglycoside	aac(3)-If
aminoglycoside	aac(3)-Ig
aminoglycoside	aac(3)-Ih
aminoglycoside	aac(3)-Ii
aminoglycoside	aac(3)-IIa
aminoglycoside	aac(3)-IIb
aminoglycoside	aac(3)-IIc
aminoglycoside	aac(3)-IId
aminoglycoside	aac(3)-IIe
aminoglycoside	aac(3)-IIIa
aminoglycoside	aac(3)-IIIb
aminoglycoside	aac(3)-IIIc
aminoglycoside	aac(3)-IV
aminoglycoside	aac(3)-IVa
aminoglycoside	aac(3)-IXa
aminoglycoside	aac(3)-VIa
aminoglycoside	aac(3)-VIIa
aminoglycoside	aac(3)-VIII
aminoglycoside	aac(3)-VIIIa
aminoglycoside	aac(3)-Xa
aminoglycoside	aac(3)-XI
aminoglycoside	aac(6')-29a
aminoglycoside	aac(6')-29b
aminoglycoside	aac(6')-30-aac(6')-Ib'
aminoglycoside	aac(6')-31
aminoglycoside	aac(6')-32
aminoglycoside	aac(6')-33
aminoglycoside	aac(6')-aph(2'')
aminoglycoside	aac(6')-I30
aminoglycoside	aac(6')-Ia
aminoglycoside	aac(6')-Iaa
aminoglycoside	aac(6')-Iad
aminoglycoside	aac(6')-Iae
aminoglycoside	aac(6')-Iaf
aminoglycoside	aac(6')-Iag
aminoglycoside	aac(6')-Iai
aminoglycoside	aac(6')-Iaj
aminoglycoside	aac(6')-Iak
aminoglycoside	aac(6')-Ian
aminoglycoside	aac(6')-Ib
aminoglycoside	aac(6')-Ib11
aminoglycoside	aac(6')-Ib3
aminoglycoside	aac(6')-Ib-cr
aminoglycoside	aac(6')Ib-cr
aminoglycoside	aac(6')-Ib-Hangzhou
aminoglycoside	aac(6')-Ic
aminoglycoside	aac(6')-If
aminoglycoside	aac(6')-Ig
aminoglycoside	aac(6')-Ih
aminoglycoside	aac(6')-Ii
aminoglycoside	aac(6')-IIa
aminoglycoside	aac(6')-IIb
aminoglycoside	aac(6')-IIc
aminoglycoside	aac(6')-Iid
aminoglycoside	aac(6')-Iih
aminoglycoside	aac(6')-Ij
aminoglycoside	aac(6')-Ik
aminoglycoside	aac(6')-Il
aminoglycoside	aac(6')-Im
aminoglycoside	aac(6')-Ip
aminoglycoside	aac(6')-Iq
aminoglycoside	aac(6')-Ir
aminoglycoside	aac(6')-Is
aminoglycoside	aac(6')-Isa
aminoglycoside	aac(6')-It
aminoglycoside	aac(6')-Iu
aminoglycoside	aac(6')-Iv
aminoglycoside	aac(6')-Iw
aminoglycoside	aac(6')-Ix
aminoglycoside	aac(6')-Iz
aminoglycoside	aacA43
aminoglycoside	aadA1
aminoglycoside	aadA10
aminoglycoside	aadA11
aminoglycoside	aadA12
aminoglycoside	aadA13
aminoglycoside	aadA14
aminoglycoside	aadA15
aminoglycoside	aadA16
aminoglycoside	aadA17
aminoglycoside	aadA1b
aminoglycoside	aadA2
aminoglycoside	aadA21
aminoglycoside	aadA22
aminoglycoside	aadA23
aminoglycoside	aadA24
aminoglycoside	aadA2b
aminoglycoside	aadA3
aminoglycoside	aadA4
aminoglycoside	aadA5
aminoglycoside	aadA6
aminoglycoside	aadA7
aminoglycoside	aadA8
aminoglycoside	aadA8b
aminoglycoside	aadA9
aminoglycoside	aadD
aminoglycoside	aadE-Cc
aminoglycoside	aadK
aminoglycoside	ant(2'')-Ia
aminoglycoside	ant(3'')-Ia
aminoglycoside	ant(3'')-Ii-aac(6')-IId
aminoglycoside	ant(4')-Ib
aminoglycoside	ant(4')-IIa
aminoglycoside	ant(4')-IIb
aminoglycoside	ant(6)-Ia
aminoglycoside	ant(6)-Ib
aminoglycoside	ant(9)-Ia
aminoglycoside	aph(2'')-Ia
aminoglycoside	aph(2'')-Ib
aminoglycoside	aph(2'')-Ic
aminoglycoside	aph(2'')-Id
aminoglycoside	aph(2'')-Ie
aminoglycoside	aph(2'')-If
aminoglycoside	aph(2'')-Ig
aminoglycoside	aph(2'')-Ih
aminoglycoside	aph(3'')-Ia
aminoglycoside	aph(3')-Ia
aminoglycoside	aph(3'')-Ib
aminoglycoside	aph(3')-Ib
aminoglycoside	aph(3'')-Ic
aminoglycoside	aph(3')-Id
aminoglycoside	aph(3')-IIa
aminoglycoside	aph(3')-IIb
aminoglycoside	aph(3')-IIc
aminoglycoside	aph(3')-III
aminoglycoside	aph(3')-IIIa
aminoglycoside	aph(3')-IV
aminoglycoside	aph(3')-IX
aminoglycoside	aph(3')-Va
aminoglycoside	aph(3')-Vb
aminoglycoside	aph(3')-Vc
aminoglycoside	aph(3')-VI
aminoglycoside	aph(3')-VIa
aminoglycoside	aph(3')-VIb
aminoglycoside	aph(3')-VIIa
aminoglycoside	aph(3')-VIII
aminoglycoside	aph(3')-XV
aminoglycoside	aph(4)-Ia
aminoglycoside	aph(6)-Ia
aminoglycoside	aph(6)-Ib
aminoglycoside	aph(6)-Ic
aminoglycoside	aph(6)-Id
aminoglycoside	aph(7'')-Ia
aminoglycoside	aph(9)-Ia
aminoglycoside	aph(9)-Ib
aminoglycoside	armA
aminoglycoside	fmrO
aminoglycoside	Gar
aminoglycoside	grdA
aminoglycoside	grmA
aminoglycoside	grmB
aminoglycoside	grmO
aminoglycoside	kamB
aminoglycoside	kgmB
aminoglycoside	kmr
aminoglycoside	npmA
aminoglycoside	rmtA
aminoglycoside	rmtB
aminoglycoside	rmtB2
aminoglycoside	rmtC
aminoglycoside	rmtD
aminoglycoside	rmtD2
aminoglycoside	rmtE
aminoglycoside	rmtF
aminoglycoside	rmtG
aminoglycoside	rmtH
aminoglycoside	sgm
aminoglycoside	str
beta-lactam	ampH
beta-lactam	ampS
beta-lactam	blaA
beta-lactam	blaACC-1
beta-lactam	blaACC-1a
beta-lactam	blaACC-1b
beta-lactam	blaACC-1c
beta-lactam	blaACC-1d
beta-lactam	blaACC-2
beta-lactam	blaACC-3
beta-lactam	blaACC-4
beta-lactam	blaACC-5
beta-lactam	blaACC-7
beta-lactam	blaACI-1
beta-lactam	blaACT-1
beta-lactam	blaACT-10
beta-lactam	blaACT-12
beta-lactam	blaACT-14
beta-lactam	blaACT-15
beta-lactam	blaACT-16
beta-lactam	blaACT-2
beta-lactam	blaACT-3
beta-lactam	blaACT-4
beta-lactam	blaACT-5
beta-lactam	blaACT-6
beta-lactam	blaACT-7
beta-lactam	blaACT-9
beta-lactam	blaADC-25
beta-lactam	blaAER-1
beta-lactam	blaAST-1
beta-lactam	blaB-10
beta-lactam	blaB-11
beta-lactam	blaB-12
beta-lactam	blaB-13
beta-lactam	blaB-14
beta-lactam	blaB-2
beta-lactam	blaB-3
beta-lactam	blaB-5
beta-lactam	blaB-6
beta-lactam	blaB-7
beta-lactam	blaB-8
beta-lactam	blaB-9
beta-lactam	blaBEL-1
beta-lactam	blaBEL-2
beta-lactam	blaBEL-3
beta-lactam	blaBEL4
beta-lactam	blaBES-1
beta-lactam	blaBIC-1
beta-lactam	blaBIL-1
beta-lactam	blaBKC
beta-lactam	blaBKC-1
beta-lactam	blaBRO-1
beta-lactam	blaBRO-2
beta-lactam	blaCARB-1
beta-lactam	blaCARB-10
beta-lactam	blaCARB-11
beta-lactam	blaCARB-12
beta-lactam	blaCARB-14
beta-lactam	blaCARB-16
beta-lactam	blaCARB-17
beta-lactam	blaCARB-18
beta-lactam	blaCARB-19
beta-lactam	blaCARB-2
beta-lactam	blaCARB-20
beta-lactam	blaCARB-21
beta-lactam	blaCARB-22
beta-lactam	blaCARB-23
beta-lactam	blaCARB-24
beta-lactam	blaCARB-25
beta-lactam	blaCARB-26
beta-lactam	blaCARB-27
beta-lactam	blaCARB-28
beta-lactam	blaCARB-29
beta-lactam	blaCARB-3
beta-lactam	blaCARB-30
beta-lactam	blaCARB-31
beta-lactam	blaCARB-32
beta-lactam	blaCARB-33
beta-lactam	blaCARB-34
beta-lactam	blaCARB-35
beta-lactam	blaCARB-36
beta-lactam	blaCARB-38
beta-lactam	blaCARB-4
beta-lactam	blaCARB-40
beta-lactam	blaCARB-41
beta-lactam	blaCARB-42
beta-lactam	blaCARB-43
beta-lactam	blaCARB-44
beta-lactam	blaCARB-45
beta-lactam	blaCARB-46
beta-lactam	blaCARB-47
beta-lactam	blaCARB-48
beta-lactam	blaCARB-49
beta-lactam	blaCARB-5
beta-lactam	blaCARB-50
beta-lactam	blaCARB-6
beta-lactam	blaCARB-7
beta-lactam	blaCARB-8
beta-lactam	blaCARB-9
beta-lactam	blaCEPH-A3
beta-lactam	blaCFE-1
beta-lactam	blaCGB-1
beta-lactam	blaCKO-1
beta-lactam	blaCME-1
beta-lactam	blaCMG
beta-lactam	blaCMH-3
beta-lactam	blaCMY-1
beta-lactam	blaCMY-10
beta-lactam	blaCMY-100
beta-lactam	blaCMY-101
beta-lactam	blaCMY-102
beta-lactam	blaCMY-103
beta-lactam	blaCMY-104
beta-lactam	blaCMY-105
beta-lactam	blaCMY-106
beta-lactam	blaCMY-107
beta-lactam	blaCMY-108
beta-lactam	blaCMY-109
beta-lactam	blaCMY-11
beta-lactam	blaCMY-110
beta-lactam	blaCMY-111
beta-lactam	blaCMY-112
beta-lactam	blaCMY-113
beta-lactam	blaCMY-114
beta-lactam	blaCMY-115
beta-lactam	blaCMY-116
beta-lactam	blaCMY-117
beta-lactam	blaCMY-118
beta-lactam	blaCMY-119
beta-lactam	blaCMY-12
beta-lactam	blaCMY-121
beta-lactam	blaCMY-122
beta-lactam	blaCMY-124
beta-lactam	blaCMY-125
beta-lactam	blaCMY-127
beta-lactam	blaCMY-128
beta-lactam	blaCMY-129
beta-lactam	blaCMY-13
beta-lactam	blaCMY-130
beta-lactam	blaCMY-131
beta-lactam	blaCMY-132
beta-lactam	blaCMY-133
beta-lactam	blaCMY-134
beta-lactam	blaCMY-135
beta-lactam	blaCMY-138
beta-lactam	blaCMY-139
beta-lactam	blaCMY-14
beta-lactam	blaCMY-140
beta-lactam	blaCMY-141
beta-lactam	blaCMY-142
beta-lactam	blaCMY-143
beta-lactam	blaCMY-144
beta-lactam	blaCMY-145
beta-lactam	blaCMY-146
beta-lactam	blaCMY-147
beta-lactam	blaCMY-148
beta-lactam	blaCMY-149
beta-lactam	blaCMY-15
beta-lactam	blaCMY-150
beta-lactam	blaCMY-151
beta-lactam	blaCMY-152
beta-lactam	blaCMY-153
beta-lactam	blaCMY-154
beta-lactam	blaCMY-155
beta-lactam	blaCMY-156
beta-lactam	blaCMY-16
beta-lactam	blaCMY-17
beta-lactam	blaCMY-18
beta-lactam	blaCMY-19
beta-lactam	blaCMY-2
beta-lactam	blaCMY-20
beta-lactam	blaCMY-21
beta-lactam	blaCMY-22
beta-lactam	blaCMY-23
beta-lactam	blaCMY-24
beta-lactam	blaCMY-25
beta-lactam	blaCMY-26
beta-lactam	blaCMY-27
beta-lactam	blaCMY-28
beta-lactam	blaCMY-29
beta-lactam	blaCMY-2b
beta-lactam	blaCMY-30
beta-lactam	blaCMY-31
beta-lactam	blaCMY-32
beta-lactam	blaCMY-33
beta-lactam	blaCMY-34
beta-lactam	blaCMY-35
beta-lactam	blaCMY-36
beta-lactam	blaCMY-37
beta-lactam	blaCMY-38
beta-lactam	blaCMY-39
beta-lactam	blaCMY-4
beta-lactam	blaCMY-40
beta-lactam	blaCMY-41
beta-lactam	blaCMY-42
beta-lactam	blaCMY-43
beta-lactam	blaCMY-44
beta-lactam	blaCMY-45
beta-lactam	blaCMY-46
beta-lactam	blaCMY-47
beta-lactam	blaCMY-48
beta-lactam	blaCMY-49
beta-lactam	blaCMY-5
beta-lactam	blaCMY-50
beta-lactam	blaCMY-51
beta-lactam	blaCMY-53
beta-lactam	blaCMY-54
beta-lactam	blaCMY-55
beta-lactam	blaCMY-56
beta-lactam	blaCMY-57
beta-lactam	blaCMY-58
beta-lactam	blaCMY-59
beta-lactam	blaCMY-6
beta-lactam	blaCMY-60
beta-lactam	blaCMY-61
beta-lactam	blaCMY-62
beta-lactam	blaCMY-63
beta-lactam	blaCMY-64
beta-lactam	blaCMY-65
beta-lactam	blaCMY-66
beta-lactam	blaCMY-67
beta-lactam	blaCMY-68
beta-lactam	blaCMY-69
beta-lactam	blaCMY-7
beta-lactam	blaCMY-70
beta-lactam	blaCMY-71
beta-lactam	blaCMY-72
beta-lactam	blaCMY-73
beta-lactam	blaCMY-74
beta-lactam	blaCMY-75
beta-lactam	blaCMY-76
beta-lactam	blaCMY-77
beta-lactam	blaCMY-78
beta-lactam	blaCMY-79
beta-lactam	blaCMY-8
beta-lactam	blaCMY-80
beta-lactam	blaCMY-81
beta-lactam	blaCMY-82
beta-lactam	blaCMY-83
beta-lactam	blaCMY-84
beta-lactam	blaCMY-85
beta-lactam	blaCMY-86
beta-lactam	blaCMY-87
beta-lactam	blaCMY-89
beta-lactam	blaCMY-8b
beta-lactam	blaCMY-9
beta-lactam	blaCMY-90
beta-lactam	blaCMY-93
beta-lactam	blaCMY-94
beta-lactam	blaCMY-95
beta-lactam	blaCMY-96
beta-lactam	blaCMY-97
beta-lactam	blaCMY-98
beta-lactam	blaCMY-99
beta-lactam	blaCTX-M-1
beta-lactam	blaCTX-M-10
beta-lactam	blaCTX-M-100
beta-lactam	blaCTX-M-101
beta-lactam	blaCTX-M-102
beta-lactam	blaCTX-M-103
beta-lactam	blaCTX-M-104
beta-lactam	blaCTX-M-105
beta-lactam	blaCTX-M-110
beta-lactam	blaCTX-M-111
beta-lactam	blaCTX-M-112
beta-lactam	blaCTX-M-113
beta-lactam	blaCTX-M-114
beta-lactam	blaCTX-M-116
beta-lactam	blaCTX-M-117
beta-lactam	blaCTX-M-12
beta-lactam	blaCTX-M-121
beta-lactam	blaCTX-M-122
beta-lactam	blaCTX-M-123
beta-lactam	blaCTX-M-124
beta-lactam	blaCTX-M-125
beta-lactam	blaCTX-M-126
beta-lactam	blaCTX-M-127
beta-lactam	blaCTX-M-129
beta-lactam	blaCTX-M-13
beta-lactam	blaCTX-M-130
beta-lactam	blaCTX-M-131
beta-lactam	blaCTX-M-132
beta-lactam	blaCTX-M-134
beta-lactam	blaCTX-M-136
beta-lactam	blaCTX-M-137
beta-lactam	blaCTX-M-138
beta-lactam	blaCTX-M-139
beta-lactam	blaCTX-M-14
beta-lactam	blaCTX-M-141
beta-lactam	blaCTX-M-142
beta-lactam	blaCTX-M-144
beta-lactam	blaCTX-M-146
beta-lactam	blaCTX-M-147
beta-lactam	blaCTX-M-148
beta-lactam	blaCTX-M-14b
beta-lactam	blaCTX-M-15
beta-lactam	blaCTX-M-150
beta-lactam	blaCTX-M-151
beta-lactam	blaCTX-M-155
beta-lactam	blaCTX-M-156
beta-lactam	blaCTX-M-157
beta-lactam	blaCTX-M-158
beta-lactam	blaCTX-M-159
beta-lactam	blaCTX-M-16
beta-lactam	blaCTX-M-160
beta-lactam	blaCTX-M-161
beta-lactam	blaCTX-M-162
beta-lactam	blaCTX-M-163
beta-lactam	blaCTX-M-164
beta-lactam	blaCTX-M-165
beta-lactam	blaCTX-M-166
beta-lactam	blaCTX-M-167
beta-lactam	blaCTX-M-168
beta-lactam	blaCTX-M-169
beta-lactam	blaCTX-M-17
beta-lactam	blaCTX-M-170
beta-lactam	blaCTX-M-171
beta-lactam	blaCTX-M-172
beta-lactam	blaCTX-M-173
beta-lactam	blaCTX-M-174
beta-lactam	blaCTX-M-175
beta-lactam	blaCTX-M-176
beta-lactam	blaCTX-M-177
beta-lactam	blaCTX-M-179
beta-lactam	blaCTX-M-180
beta-lactam	blaCTX-M-181
beta-lactam	blaCTX-M-182
beta-lactam	blaCTX-M-183
beta-lactam	blaCTX-M-184
beta-lactam	blaCTX-M-186
beta-lactam	blaCTX-M-188
beta-lactam	blaCTX-M-189
beta-lactam	blaCTX-M-19
beta-lactam	blaCTX-M-190
beta-lactam	blaCTX-M-191
beta-lactam	blaCTX-M-192
beta-lactam	blaCTX-M-193
beta-lactam	blaCTX-M-194
beta-lactam	blaCTX-M-195
beta-lactam	blaCTX-M-196
beta-lactam	blaCTX-M-197
beta-lactam	blaCTX-M-198
beta-lactam	blaCTX-M-199
beta-lactam	blaCTX-M-2
beta-lactam	blaCTX-M-20
beta-lactam	blaCTX-M-200
beta-lactam	blaCTX-M-201
beta-lactam	blaCTX-M-202
beta-lactam	blaCTX-M-203
beta-lactam	blaCTX-M-204
beta-lactam	blaCTX-M-206
beta-lactam	blaCTX-M-207
beta-lactam	blaCTX-M-208
beta-lactam	blaCTX-M-209
beta-lactam	blaCTX-M-21
beta-lactam	blaCTX-M-210
beta-lactam	blaCTX-M-211
beta-lactam	blaCTX-M-212
beta-lactam	blaCTX-M-213
beta-lactam	blaCTX-M-214
beta-lactam	blaCTX-M-216
beta-lactam	blaCTX-M-217
beta-lactam	blaCTX-M-218
beta-lactam	blaCTX-M-219
beta-lactam	blaCTX-M-22
beta-lactam	blaCTX-M-220
beta-lactam	blaCTX-M-23
beta-lactam	blaCTX-M-24
beta-lactam	blaCTX-M-25
beta-lactam	blaCTX-M-26
beta-lactam	blaCTX-M-27
beta-lactam	blaCTX-M-28
beta-lactam	blaCTX-M-29
beta-lactam	blaCTX-M-3
beta-lactam	blaCTX-M-30
beta-lactam	blaCTX-M-31
beta-lactam	blaCTX-M-32
beta-lactam	blaCTX-M-33
beta-lactam	blaCTX-M-34
beta-lactam	blaCTX-M-35
beta-lactam	blaCTX-M-36
beta-lactam	blaCTX-M-37
beta-lactam	blaCTX-M-38
beta-lactam	blaCTX-M-39
beta-lactam	blaCTX-M-4
beta-lactam	blaCTX-M-40
beta-lactam	blaCTX-M-41
beta-lactam	blaCTX-M-42
beta-lactam	blaCTX-M-43
beta-lactam	blaCTX-M-44
beta-lactam	blaCTX-M-46
beta-lactam	blaCTX-M-47
beta-lactam	blaCTX-M-48
beta-lactam	blaCTX-M-49
beta-lactam	blaCTX-M-5
beta-lactam	blaCTX-M-50
beta-lactam	blaCTX-M-51
beta-lactam	blaCTX-M-52
beta-lactam	blaCTX-M-53
beta-lactam	blaCTX-M-54
beta-lactam	blaCTX-M-55
beta-lactam	blaCTX-M-56
beta-lactam	blaCTX-M-58
beta-lactam	blaCTX-M-59
beta-lactam	blaCTX-M-6
beta-lactam	blaCTX-M-60
beta-lactam	blaCTX-M-61
beta-lactam	blaCTX-M-62
beta-lactam	blaCTX-M-63
beta-lactam	blaCTX-M-64
beta-lactam	blaCTX-M-65
beta-lactam	blaCTX-M-66
beta-lactam	blaCTX-M-67
beta-lactam	blaCTX-M-68
beta-lactam	blaCTX-M-69
beta-lactam	blaCTX-M-7
beta-lactam	blaCTX-M-71
beta-lactam	blaCTX-M-72
beta-lactam	blaCTX-M-73
beta-lactam	blaCTX-M-74
beta-lactam	blaCTX-M-75
beta-lactam	blaCTX-M-76
beta-lactam	blaCTX-M-77
beta-lactam	blaCTX-M-78
beta-lactam	blaCTX-M-79
beta-lactam	blaCTX-M-8
beta-lactam	blaCTX-M-80
beta-lactam	blaCTX-M-81
beta-lactam	blaCTX-M-82
beta-lactam	blaCTX-M-83
beta-lactam	blaCTX-M-84
beta-lactam	blaCTX-M-85
beta-lactam	blaCTX-M-86
beta-lactam	blaCTX-M-87
beta-lactam	blaCTX-M-88
beta-lactam	blaCTX-M-89
beta-lactam	blaCTX-M-9
beta-lactam	blaCTX-M-90
beta-lactam	blaCTX-M-91
beta-lactam	blaCTX-M-92
beta-lactam	blaCTX-M-93
beta-lactam	blaCTX-M-94
beta-lactam	blaCTX-M-95
beta-lactam	blaCTX-M-96
beta-lactam	blaCTX-M-97
beta-lactam	blaCTX-M-98
beta-lactam	blaCTX-M-99
beta-lactam	blaDES-1
beta-lactam	blaDHA-1
beta-lactam	blaDHA-10
beta-lactam	blaDHA-12
beta-lactam	blaDHA-13
beta-lactam	blaDHA-14
beta-lactam	blaDHA-15
beta-lactam	blaDHA-16
beta-lactam	blaDHA-17
beta-lactam	blaDHA-18
beta-lactam	blaDHA-19
beta-lactam	blaDHA-2
beta-lactam	blaDHA-20
beta-lactam	blaDHA-21
beta-lactam	blaDHA-22
beta-lactam	blaDHA-23
beta-lactam	blaDHA-24
beta-lactam	blaDHA-25
beta-lactam	blaDHA-26
beta-lactam	blaDHA-27
beta-lactam	blaDHA-3
beta-lactam	blaDHA-4
beta-lactam	blaDHA-5
beta-lactam	blaDHA-6
beta-lactam	blaDHA-7
beta-lactam	blaDHA-9
beta-lactam	blaDIM-1
beta-lactam	blaEBR-1
beta-lactam	blaERP-1
beta-lactam	blaFAR-1
beta-lactam	blaFONA-1
beta-lactam	blaFONA-2
beta-lactam	blaFONA-3
beta-lactam	blaFONA-4
beta-lactam	blaFONA-5
beta-lactam	blaFONA-6
beta-lactam	blaFOX-1
beta-lactam	blaFOX-10
beta-lactam	blaFOX-2
beta-lactam	blaFOX-3
beta-lactam	blaFOX-4
beta-lactam	blaFOX-5
beta-lactam	blaFOX-6
beta-lactam	blaFOX-7
beta-lactam	blaFOX-8
beta-lactam	blaFOX-9
beta-lactam	blaFRI-1
beta-lactam	blaFRI-2
beta-lactam	blaFRI-3
beta-lactam	blaFRI-4
beta-lactam	blaFRI-5
beta-lactam	blaGES-1
beta-lactam	blaGES-10
beta-lactam	blaGES-11
beta-lactam	blaGES-12
beta-lactam	blaGES-13
beta-lactam	blaGES-14
beta-lactam	blaGES-15
beta-lactam	blaGES-16
beta-lactam	blaGES-17
beta-lactam	blaGES-18
beta-lactam	blaGES-19
beta-lactam	blaGES-2
beta-lactam	blaGES-20
beta-lactam	blaGES-21
beta-lactam	blaGES-22
beta-lactam	blaGES-23
beta-lactam	blaGES-3
beta-lactam	blaGES-4
beta-lactam	blaGES-5
beta-lactam	blaGES-6
beta-lactam	blaGES-7
beta-lactam	blaGES-8
beta-lactam	blaGES-9
beta-lactam	blaGIM-1
beta-lactam	blaGOB-1
beta-lactam	blaGOB-10
beta-lactam	blaGOB-11
beta-lactam	blaGOB-12
beta-lactam	blaGOB-13
beta-lactam	blaGOB-14
beta-lactam	blaGOB-15
beta-lactam	blaGOB-16
beta-lactam	blaGOB-17
beta-lactam	blaGOB-18
beta-lactam	blaGOB-2
beta-lactam	blaGOB-3
beta-lactam	blaGOB-4
beta-lactam	blaGOB-5
beta-lactam	blaGOB-6
beta-lactam	blaGOB-7
beta-lactam	blaGOB-8
beta-lactam	blaGOB-9
beta-lactam	blaHERA-1
beta-lactam	blaHERA-2
beta-lactam	blaHERA-3
beta-lactam	blaHERA-4
beta-lactam	blaHERA-5
beta-lactam	blaHERA-6
beta-lactam	blaHERA-8
beta-lactam	blaIMI-1
beta-lactam	blaIMI-2
beta-lactam	blaIMI-3
beta-lactam	blaIMI-4
beta-lactam	blaIMI-5
beta-lactam	blaIMP-1
beta-lactam	blaIMP-10
beta-lactam	blaIMP-11
beta-lactam	blaIMP-12
beta-lactam	blaIMP-13
beta-lactam	blaIMP-14
beta-lactam	blaIMP-15
beta-lactam	blaIMP-16
beta-lactam	blaIMP-17
beta-lactam	blaIMP-18
beta-lactam	blaIMP-19
beta-lactam	blaIMP-2
beta-lactam	blaIMP-20
beta-lactam	blaIMP-21
beta-lactam	blaIMP-22
beta-lactam	blaIMP-23
beta-lactam	blaIMP-24
beta-lactam	blaIMP-25
beta-lactam	blaIMP-26
beta-lactam	blaIMP-27
beta-lactam	blaIMP-28
beta-lactam	blaIMP-29
beta-lactam	blaIMP-3
beta-lactam	blaIMP-30
beta-lactam	blaIMP-31
beta-lactam	blaIMP-32
beta-lactam	blaIMP-33
beta-lactam	blaIMP-34
beta-lactam	blaIMP-35
beta-lactam	blaIMP-37
beta-lactam	blaIMP-38
beta-lactam	blaIMP-4
beta-lactam	blaIMP-40
beta-lactam	blaIMP-41
beta-lactam	blaIMP-42
beta-lactam	blaIMP-43
beta-lactam	blaIMP-44
beta-lactam	blaIMP-45
beta-lactam	blaIMP-48
beta-lactam	blaIMP-49
beta-lactam	blaIMP-5
beta-lactam	blaIMP-51
beta-lactam	blaIMP-52
beta-lactam	blaIMP-53
beta-lactam	blaIMP-54
beta-lactam	blaIMP-55
beta-lactam	blaIMP-56
beta-lactam	blaIMP-58
beta-lactam	blaIMP-59
beta-lactam	blaIMP-6
beta-lactam	blaIMP-60
beta-lactam	blaIMP-61
beta-lactam	blaIMP-62
beta-lactam	blaIMP-63
beta-lactam	blaIMP-64
beta-lactam	blaIMP-66
beta-lactam	blaIMP-67
beta-lactam	blaIMP-68
beta-lactam	blaIMP-7
beta-lactam	blaIMP-70
beta-lactam	blaIMP-71
beta-lactam	blaIMP-73
beta-lactam	blaIMP-74
beta-lactam	blaIMP-75
beta-lactam	blaIMP-8
beta-lactam	blaIMP-9
beta-lactam	blaIND-1
beta-lactam	blaIND-10
beta-lactam	blaIND-11
beta-lactam	blaIND-12
beta-lactam	blaIND-14
beta-lactam	blaIND-15
beta-lactam	blaIND-2
beta-lactam	blaIND-2a
beta-lactam	blaIND-2b
beta-lactam	blaIND-2c
beta-lactam	blaIND-3
beta-lactam	blaIND-4
beta-lactam	blaIND-5
beta-lactam	blaIND-6
beta-lactam	blaIND-7
beta-lactam	blaIND-8
beta-lactam	blaIND-9
beta-lactam	blaJOHN-1
beta-lactam	blaKHM-1
beta-lactam	blaKLUC-2
beta-lactam	blaKLUC-3
beta-lactam	blaKLUC-4
beta-lactam	blaKPC-10
beta-lactam	blaKPC-11
beta-lactam	blaKPC-12
beta-lactam	blaKPC-13
beta-lactam	blaKPC-14
beta-lactam	blaKPC-15
beta-lactam	blaKPC-16
beta-lactam	blaKPC-17
beta-lactam	blaKPC-18
beta-lactam	blaKPC-19
beta-lactam	blaKPC-2
beta-lactam	blaKPC-21
beta-lactam	blaKPC-22
beta-lactam	blaKPC-23
beta-lactam	blaKPC-24
beta-lactam	blaKPC-25
beta-lactam	blaKPC-26
beta-lactam	blaKPC-27
beta-lactam	blaKPC-28
beta-lactam	blaKPC-29
beta-lactam	blaKPC-3
beta-lactam	blaKPC-30
beta-lactam	blaKPC-31
beta-lactam	blaKPC-32
beta-lactam	blaKPC-33
beta-lactam	blaKPC-34
beta-lactam	blaKPC-35
beta-lactam	blaKPC-36
beta-lactam	blaKPC-37
beta-lactam	blaKPC-38
beta-lactam	blaKPC-39
beta-lactam	blaKPC-4
beta-lactam	blaKPC-40
beta-lactam	blaKPC-41
beta-lactam	blaKPC-5
beta-lactam	blaKPC-6
beta-lactam	blaKPC-7
beta-lactam	blaKPC-8
beta-lactam	blaKPC-9
beta-lactam	blaL
beta-lactam	blaL1
beta-lactam	blaLAP-1
beta-lactam	blaLAP-2
beta-lactam	blaLAT-1
beta-lactam	blaLCR-1
beta-lactam	blaLEN1
beta-lactam	blaLEN10
beta-lactam	blaLEN12
beta-lactam	blaLEN13
beta-lactam	blaLEN15
beta-lactam	blaLEN16
beta-lactam	blaLEN17
beta-lactam	blaLEN18
beta-lactam	blaLEN19
beta-lactam	blaLEN2
beta-lactam	blaLEN20
beta-lactam	blaLEN21
beta-lactam	blaLEN22
beta-lactam	blaLEN23
beta-lactam	blaLEN24
beta-lactam	blaLEN25
beta-lactam	blaLEN26
beta-lactam	blaLEN3
beta-lactam	blaLEN4
beta-lactam	blaLEN5
beta-lactam	blaLEN7
beta-lactam	blaLEN8
beta-lactam	blaLEN9
beta-lactam	blaLMB-1
beta-lactam	blaLUT-1
beta-lactam	blaMAL-1
beta-lactam	blaMIR-1
beta-lactam	blaMIR-2
beta-lactam	blaMIR-3
beta-lactam	blaMIR-4
beta-lactam	blaMIR-5
beta-lactam	blaMIR-6
beta-lactam	blaMOR
beta-lactam	blaMOR-2
beta-lactam	blaMOX-1
beta-lactam	blaMOX-2
beta-lactam	blaMOX-3
beta-lactam	blaMOX-4
beta-lactam	blaMOX-5
beta-lactam	blaMOX-6
beta-lactam	blaMOX-7
beta-lactam	blaMUS-1
beta-lactam	blaNDM-1
beta-lactam	blaNDM-10
beta-lactam	blaNDM-11
beta-lactam	blaNDM-12
beta-lactam	blaNDM-13
beta-lactam	blaNDM-14
beta-lactam	blaNDM-15
beta-lactam	blaNDM-16
beta-lactam	blaNDM-17
beta-lactam	blaNDM-18
beta-lactam	blaNDM-19
beta-lactam	blaNDM-2
beta-lactam	blaNDM-20
beta-lactam	blaNDM-21
beta-lactam	blaNDM-22
beta-lactam	blaNDM-23
beta-lactam	blaNDM-24
beta-lactam	blaNDM-3
beta-lactam	blaNDM-4
beta-lactam	blaNDM-5
beta-lactam	blaNDM-6
beta-lactam	blaNDM-7
beta-lactam	blaNDM-8
beta-lactam	blaNDM-9
beta-lactam	blaNMC-A
beta-lactam	blaNPS
beta-lactam	blaOCH-2
beta-lactam	blaOCH-3
beta-lactam	blaOCH-4
beta-lactam	blaOCH-5
beta-lactam	blaOCH-6
beta-lactam	blaOCH-7
beta-lactam	blaOCH-8
beta-lactam	blaOKP-A-1
beta-lactam	blaOKP-A-10
beta-lactam	blaOKP-A-11
beta-lactam	blaOKP-A-12
beta-lactam	blaOKP-A-13
beta-lactam	blaOKP-A-14
beta-lactam	blaOKP-A-15
beta-lactam	blaOKP-A-16
beta-lactam	blaOKP-A-2
beta-lactam	blaOKP-A-3
beta-lactam	blaOKP-A-4
beta-lactam	blaOKP-A-5
beta-lactam	blaOKP-A-6
beta-lactam	blaOKP-A-7
beta-lactam	blaOKP-A-8
beta-lactam	blaOKP-A-9
beta-lactam	blaOKP-B-1
beta-lactam	blaOKP-B-10
beta-lactam	blaOKP-B-11
beta-lactam	blaOKP-B-12
beta-lactam	blaOKP-B-13
beta-lactam	blaOKP-B-14
beta-lactam	blaOKP-B-15
beta-lactam	blaOKP-B-16
beta-lactam	blaOKP-B-17
beta-lactam	blaOKP-B-18
beta-lactam	blaOKP-B-19
beta-lactam	blaOKP-B-2
beta-lactam	blaOKP-B-20
beta-lactam	blaOKP-B-3
beta-lactam	blaOKP-B-4
beta-lactam	blaOKP-B-5
beta-lactam	blaOKP-B-6
beta-lactam	blaOKP-B-7
beta-lactam	blaOKP-B-8
beta-lactam	blaOKP-B-9
beta-lactam	blaOXA-1
beta-lactam	blaOXA-10
beta-lactam	blaOXA-100
beta-lactam	blaOXA-101
beta-lactam	blaOXA-102
beta-lactam	blaOXA-103
beta-lactam	blaOXA-104
beta-lactam	blaOXA-106
beta-lactam	blaOXA-107
beta-lactam	blaOXA-108
beta-lactam	blaOXA-109
beta-lactam	blaOXA-11
beta-lactam	blaOXA-110
beta-lactam	blaOXA-111
beta-lactam	blaOXA-112
beta-lactam	blaOXA-113
beta-lactam	blaOXA-114a
beta-lactam	blaOXA-114b
beta-lactam	blaOXA-114c
beta-lactam	blaOXA-114d
beta-lactam	blaOXA-114e
beta-lactam	blaOXA-114f
beta-lactam	blaOXA-114g
beta-lactam	blaOXA-115
beta-lactam	blaOXA-116
beta-lactam	blaOXA-117
beta-lactam	blaOXA-118
beta-lactam	blaOXA-119
beta-lactam	blaOXA-120
beta-lactam	blaOXA-121
beta-lactam	blaOXA-122
beta-lactam	blaOXA-123
beta-lactam	blaOXA-124
beta-lactam	blaOXA-125
beta-lactam	blaOXA-126
beta-lactam	blaOXA-127
beta-lactam	blaOXA-128
beta-lactam	blaOXA-129
beta-lactam	blaOXA-13
beta-lactam	blaOXA-130
beta-lactam	blaOXA-131
beta-lactam	blaOXA-132
beta-lactam	blaOXA-133
beta-lactam	blaOXA-134
beta-lactam	blaOXA-136
beta-lactam	blaOXA-137
beta-lactam	blaOXA-138
beta-lactam	blaOXA-139
beta-lactam	blaOXA-14
beta-lactam	blaOXA-141
beta-lactam	blaOXA-142
beta-lactam	blaOXA-143
beta-lactam	blaOXA-144
beta-lactam	blaOXA-145
beta-lactam	blaOXA-146
beta-lactam	blaOXA-147
beta-lactam	blaOXA-148
beta-lactam	blaOXA-149
beta-lactam	blaOXA-15
beta-lactam	blaOXA-150
beta-lactam	blaOXA-151
beta-lactam	blaOXA-152
beta-lactam	blaOXA-153
beta-lactam	blaOXA-154
beta-lactam	blaOXA-155
beta-lactam	blaOXA-156
beta-lactam	blaOXA-157
beta-lactam	blaOXA-158
beta-lactam	blaOXA-159
beta-lactam	blaOXA-16
beta-lactam	blaOXA-160
beta-lactam	blaOXA-161
beta-lactam	blaOXA-162
beta-lactam	blaOXA-163
beta-lactam	blaOXA-164
beta-lactam	blaOXA-165
beta-lactam	blaOXA-166
beta-lactam	blaOXA-167
beta-lactam	blaOXA-168
beta-lactam	blaOXA-169
beta-lactam	blaOXA-17
beta-lactam	blaOXA-170
beta-lactam	blaOXA-171
beta-lactam	blaOXA-172
beta-lactam	blaOXA-173
beta-lactam	blaOXA-174
beta-lactam	blaOXA-175
beta-lactam	blaOXA-176
beta-lactam	blaOXA-177
beta-lactam	blaOXA-178
beta-lactam	blaOXA-179
beta-lactam	blaOXA-18
beta-lactam	blaOXA-180
beta-lactam	blaOXA-181
beta-lactam	blaOXA-182
beta-lactam	blaOXA-183
beta-lactam	blaOXA-184
beta-lactam	blaOXA-185
beta-lactam	blaOXA-19
beta-lactam	blaOXA-192
beta-lactam	blaOXA-193
beta-lactam	blaOXA-194
beta-lactam	blaOXA-195
beta-lactam	blaOXA-196
beta-lactam	blaOXA-197
beta-lactam	blaOXA-198
beta-lactam	blaOXA-199
beta-lactam	blaOXA-2
beta-lactam	blaOXA-20
beta-lactam	blaOXA-200
beta-lactam	blaOXA-201
beta-lactam	blaOXA-202
beta-lactam	blaOXA-203
beta-lactam	blaOXA-204
beta-lactam	blaOXA-205
beta-lactam	blaOXA-206
beta-lactam	blaOXA-207
beta-lactam	blaOXA-208
beta-lactam	blaOXA-209
beta-lactam	blaOXA-21
beta-lactam	blaOXA-210
beta-lactam	blaOXA-211
beta-lactam	blaOXA-212
beta-lactam	blaOXA-213
beta-lactam	blaOXA-214
beta-lactam	blaOXA-215
beta-lactam	blaOXA-216
beta-lactam	blaOXA-217
beta-lactam	blaOXA-219
beta-lactam	blaOXA-22
beta-lactam	blaOXA-223
beta-lactam	blaOXA-224
beta-lactam	blaOXA-225
beta-lactam	blaOXA-226
beta-lactam	blaOXA-228
beta-lactam	blaOXA-229
beta-lactam	blaOXA-23
beta-lactam	blaOXA-230
beta-lactam	blaOXA-231
beta-lactam	blaOXA-232
beta-lactam	blaOXA-233
beta-lactam	blaOXA-234
beta-lactam	blaOXA-235
beta-lactam	blaOXA-236
beta-lactam	blaOXA-237
beta-lactam	blaOXA-239
beta-lactam	blaOXA-24
beta-lactam	blaOXA-240
beta-lactam	blaOXA-241
beta-lactam	blaOXA-242
beta-lactam	blaOXA-243
beta-lactam	blaOXA-244
beta-lactam	blaOXA-245
beta-lactam	blaOXA-246
beta-lactam	blaOXA-247
beta-lactam	blaOXA-248
beta-lactam	blaOXA-249
beta-lactam	blaOXA-25
beta-lactam	blaOXA-250
beta-lactam	blaOXA-251
beta-lactam	blaOXA-252
beta-lactam	blaOXA-253
beta-lactam	blaOXA-254
beta-lactam	blaOXA-255
beta-lactam	blaOXA-256
beta-lactam	blaOXA-257
beta-lactam	blaOXA-258
beta-lactam	blaOXA-259
beta-lactam	blaOXA-26
beta-lactam	blaOXA-260
beta-lactam	blaOXA-261
beta-lactam	blaOXA-262
beta-lactam	blaOXA-263
beta-lactam	blaOXA-264
beta-lactam	blaOXA-265
beta-lactam	blaOXA-266
beta-lactam	blaOXA-267
beta-lactam	blaOXA-268
beta-lactam	blaOXA-269
beta-lactam	blaOXA-27
beta-lactam	blaOXA-270
beta-lactam	blaOXA-271
beta-lactam	blaOXA-272
beta-lactam	blaOXA-273
beta-lactam	blaOXA-274
beta-lactam	blaOXA-275
beta-lactam	blaOXA-276
beta-lactam	blaOXA-277
beta-lactam	blaOXA-278
beta-lactam	blaOXA-279
beta-lactam	blaOXA-28
beta-lactam	blaOXA-280
beta-lactam	blaOXA-281
beta-lactam	blaOXA-282
beta-lactam	blaOXA-283
beta-lactam	blaOXA-284
beta-lactam	blaOXA-285
beta-lactam	blaOXA-286
beta-lactam	blaOXA-287
beta-lactam	blaOXA-288
beta-lactam	blaOXA-289
beta-lactam	blaOXA-29
beta-lactam	blaOXA-290
beta-lactam	blaOXA-291
beta-lactam	blaOXA-292
beta-lactam	blaOXA-293
beta-lactam	blaOXA-294
beta-lactam	blaOXA-295
beta-lactam	blaOXA-296
beta-lactam	blaOXA-297
beta-lactam	blaOXA-298
beta-lactam	blaOXA-299
beta-lactam	blaOXA-3
beta-lactam	blaOXA-300
beta-lactam	blaOXA-301
beta-lactam	blaOXA-302
beta-lactam	blaOXA-303
beta-lactam	blaOXA-304
beta-lactam	blaOXA-305
beta-lactam	blaOXA-306
beta-lactam	blaOXA-307
beta-lactam	blaOXA-308
beta-lactam	blaOXA-309
beta-lactam	blaOXA-31
beta-lactam	blaOXA-312
beta-lactam	blaOXA-313
beta-lactam	blaOXA-314
beta-lactam	blaOXA-315
beta-lactam	blaOXA-316
beta-lactam	blaOXA-317
beta-lactam	blaOXA-32
beta-lactam	blaOXA-320
beta-lactam	blaOXA-322
beta-lactam	blaOXA-323
beta-lactam	blaOXA-324
beta-lactam	blaOXA-325
beta-lactam	blaOXA-326
beta-lactam	blaOXA-327
beta-lactam	blaOXA-328
beta-lactam	blaOXA-329
beta-lactam	blaOXA-330
beta-lactam	blaOXA-331
beta-lactam	blaOXA-332
beta-lactam	blaOXA-333
beta-lactam	blaOXA-334
beta-lactam	blaOXA-335
beta-lactam	blaOXA-336
beta-lactam	blaOXA-337
beta-lactam	blaOXA-338
beta-lactam	blaOXA-339
beta-lactam	blaOXA-34
beta-lactam	blaOXA-340
beta-lactam	blaOXA-341
beta-lactam	blaOXA-342
beta-lactam	blaOXA-343
beta-lactam	blaOXA-344
beta-lactam	blaOXA-345
beta-lactam	blaOXA-346
beta-lactam	blaOXA-347
beta-lactam	blaOXA-348
beta-lactam	blaOXA-349
beta-lactam	blaOXA-35
beta-lactam	blaOXA-350
beta-lactam	blaOXA-351
beta-lactam	blaOXA-352
beta-lactam	blaOXA-353
beta-lactam	blaOXA-354
beta-lactam	blaOXA-355
beta-lactam	blaOXA-356
beta-lactam	blaOXA-357
beta-lactam	blaOXA-358
beta-lactam	blaOXA-359
beta-lactam	blaOXA-36
beta-lactam	blaOXA-360
beta-lactam	blaOXA-361
beta-lactam	blaOXA-362
beta-lactam	blaOXA-363
beta-lactam	blaOXA-364
beta-lactam	blaOXA-365
beta-lactam	blaOXA-366
beta-lactam	blaOXA-368
beta-lactam	blaOXA-37
beta-lactam	blaOXA-370
beta-lactam	blaOXA-371
beta-lactam	blaOXA-372
beta-lactam	blaOXA-373
beta-lactam	blaOXA-374
beta-lactam	blaOXA-375
beta-lactam	blaOXA-376
beta-lactam	blaOXA-377
beta-lactam	blaOXA-378
beta-lactam	blaOXA-379
beta-lactam	blaOXA-380
beta-lactam	blaOXA-381
beta-lactam	blaOXA-382
beta-lactam	blaOXA-383
beta-lactam	blaOXA-384
beta-lactam	blaOXA-385
beta-lactam	blaOXA-386
beta-lactam	blaOXA-387
beta-lactam	blaOXA-388
beta-lactam	blaOXA-389
beta-lactam	blaOXA-390
beta-lactam	blaOXA-391
beta-lactam	blaOXA-392
beta-lactam	blaOXA-395
beta-lactam	blaOXA-396
beta-lactam	blaOXA-397
beta-lactam	blaOXA-398
beta-lactam	blaOXA-4
beta-lactam	blaOXA-400
beta-lactam	blaOXA-401
beta-lactam	blaOXA-402
beta-lactam	blaOXA-403
beta-lactam	blaOXA-404
beta-lactam	blaOXA-405
beta-lactam	blaOXA-406
beta-lactam	blaOXA-407
beta-lactam	blaOXA-408
beta-lactam	blaOXA-409
beta-lactam	blaOXA-410
beta-lactam	blaOXA-411
beta-lactam	blaOXA-412
beta-lactam	blaOXA-413
beta-lactam	blaOXA-414
beta-lactam	blaOXA-415
beta-lactam	blaOXA-416
beta-lactam	blaOXA-417
beta-lactam	blaOXA-418
beta-lactam	blaOXA-42
beta-lactam	blaOXA-420
beta-lactam	blaOXA-421
beta-lactam	blaOXA-422
beta-lactam	blaOXA-423
beta-lactam	blaOXA-424
beta-lactam	blaOXA-425
beta-lactam	blaOXA-426
beta-lactam	blaOXA-427
beta-lactam	blaOXA-429
beta-lactam	blaOXA-43
beta-lactam	blaOXA-430
beta-lactam	blaOXA-431
beta-lactam	blaOXA-432
beta-lactam	blaOXA-433
beta-lactam	blaOXA-435
beta-lactam	blaOXA-436
beta-lactam	blaOXA-437
beta-lactam	blaOXA-438
beta-lactam	blaOXA-439
beta-lactam	blaOXA-440
beta-lactam	blaOXA-441
beta-lactam	blaOXA-442
beta-lactam	blaOXA-443
beta-lactam	blaOXA-444
beta-lactam	blaOXA-446
beta-lactam	blaOXA-447
beta-lactam	blaOXA-448
beta-lactam	blaOXA-449
beta-lactam	blaOXA-45
beta-lactam	blaOXA-450
beta-lactam	blaOXA-451
beta-lactam	blaOXA-452
beta-lactam	blaOXA-453
beta-lactam	blaOXA-454
beta-lactam	blaOXA-455
beta-lactam	blaOXA-457
beta-lactam	blaOXA-458
beta-lactam	blaOXA-459
beta-lactam	blaOXA-46
beta-lactam	blaOXA-460
beta-lactam	blaOXA-461
beta-lactam	blaOXA-464
beta-lactam	blaOXA-465
beta-lactam	blaOXA-466
beta-lactam	blaOXA-47
beta-lactam	blaOXA-470
beta-lactam	blaOXA-471
beta-lactam	blaOXA-472
beta-lactam	blaOXA-473
beta-lactam	blaOXA-474
beta-lactam	blaOXA-475
beta-lactam	blaOXA-476
beta-lactam	blaOXA-477
beta-lactam	blaOXA-478
beta-lactam	blaOXA-479
beta-lactam	blaOXA-48
beta-lactam	blaOXA-480
beta-lactam	blaOXA-482
beta-lactam	blaOXA-483
beta-lactam	blaOXA-484
beta-lactam	blaOXA-485
beta-lactam	blaOXA-486
beta-lactam	blaOXA-488
beta-lactam	blaOXA-489
beta-lactam	blaOXA-49
beta-lactam	blaOXA-490
beta-lactam	blaOXA-491
beta-lactam	blaOXA-493
beta-lactam	blaOXA-494
beta-lactam	blaOXA-496
beta-lactam	blaOXA-497
beta-lactam	blaOXA-499
beta-lactam	blaOXA-5
beta-lactam	blaOXA-50
beta-lactam	blaOXA-500
beta-lactam	blaOXA-501
beta-lactam	blaOXA-502
beta-lactam	blaOXA-503
beta-lactam	blaOXA-505
beta-lactam	blaOXA-506
beta-lactam	blaOXA-507
beta-lactam	blaOXA-508
beta-lactam	blaOXA-509
beta-lactam	blaOXA-51
beta-lactam	blaOXA-510
beta-lactam	blaOXA-511
beta-lactam	blaOXA-512
beta-lactam	blaOXA-513
beta-lactam	blaOXA-514
beta-lactam	blaOXA-515
beta-lactam	blaOXA-516
beta-lactam	blaOXA-517
beta-lactam	blaOXA-518
beta-lactam	blaOXA-519
beta-lactam	blaOXA-520
beta-lactam	blaOXA-521
beta-lactam	blaOXA-522
beta-lactam	blaOXA-523
beta-lactam	blaOXA-524
beta-lactam	blaOXA-525
beta-lactam	blaOXA-526
beta-lactam	blaOXA-527
beta-lactam	blaOXA-528
beta-lactam	blaOXA-529
beta-lactam	blaOXA-53
beta-lactam	blaOXA-530
beta-lactam	blaOXA-531
beta-lactam	blaOXA-532
beta-lactam	blaOXA-533
beta-lactam	blaOXA-534
beta-lactam	blaOXA-535
beta-lactam	blaOXA-536
beta-lactam	blaOXA-537
beta-lactam	blaOXA-538
beta-lactam	blaOXA-539
beta-lactam	blaOXA-54
beta-lactam	blaOXA-540
beta-lactam	blaOXA-541
beta-lactam	blaOXA-545
beta-lactam	blaOXA-546
beta-lactam	blaOXA-547
beta-lactam	blaOXA-548
beta-lactam	blaOXA-549
beta-lactam	blaOXA-55
beta-lactam	blaOXA-550
beta-lactam	blaOXA-551
beta-lactam	blaOXA-552
beta-lactam	blaOXA-553
beta-lactam	blaOXA-554
beta-lactam	blaOXA-555
beta-lactam	blaOXA-556
beta-lactam	blaOXA-557
beta-lactam	blaOXA-558
beta-lactam	blaOXA-559
beta-lactam	blaOXA-56
beta-lactam	blaOXA-560
beta-lactam	blaOXA-561
beta-lactam	blaOXA-562
beta-lactam	blaOXA-563
beta-lactam	blaOXA-564
beta-lactam	blaOXA-565
beta-lactam	blaOXA-566
beta-lactam	blaOXA-57
beta-lactam	blaOXA-58
beta-lactam	blaOXA-59
beta-lactam	blaOXA-60
beta-lactam	blaOXA-60b
beta-lactam	blaOXA-60c
beta-lactam	blaOXA-60d
beta-lactam	blaOXA-61
beta-lactam	blaOXA-62
beta-lactam	blaOXA-63
beta-lactam	blaOXA-64
beta-lactam	blaOXA-65
beta-lactam	blaOXA-66
beta-lactam	blaOXA-67
beta-lactam	blaOXA-68
beta-lactam	blaOXA-69
beta-lactam	blaOXA-7
beta-lactam	blaOXA-70
beta-lactam	blaOXA-71
beta-lactam	blaOXA-72
beta-lactam	blaOXA-73
beta-lactam	blaOXA-74
beta-lactam	blaOXA-75
beta-lactam	blaOXA-76
beta-lactam	blaOXA-77
beta-lactam	blaOXA-78
beta-lactam	blaOXA-79
beta-lactam	blaOXA-80
beta-lactam	blaOXA-82
beta-lactam	blaOXA-83
beta-lactam	blaOXA-84
beta-lactam	blaOXA-85
beta-lactam	blaOXA-86
beta-lactam	blaOXA-87
beta-lactam	blaOXA-88
beta-lactam	blaOXA-89
beta-lactam	blaOXA-9
beta-lactam	blaOXA-90
beta-lactam	blaOXA-91
beta-lactam	blaOXA-92
beta-lactam	blaOXA-93
beta-lactam	blaOXA-94
beta-lactam	blaOXA-95
beta-lactam	blaOXA-96
beta-lactam	blaOXA-97
beta-lactam	blaOXA-98
beta-lactam	blaOXA-99
beta-lactam	blaOXA-SHE
beta-lactam	blaOXY-1-1
beta-lactam	blaOXY-1-2
beta-lactam	blaOXY-1-3
beta-lactam	blaOXY-1-4
beta-lactam	blaOXY-1-5
beta-lactam	blaOXY-1-6
beta-lactam	blaOXY-1-7
beta-lactam	blaOXY-2-1
beta-lactam	blaOXY-2-10
beta-lactam	blaOXY-2-2
beta-lactam	blaOXY-2-3
beta-lactam	blaOXY-2-4
beta-lactam	blaOXY-2-5
beta-lactam	blaOXY-2-6
beta-lactam	blaOXY-2-7
beta-lactam	blaOXY-2-8
beta-lactam	blaOXY-2-9
beta-lactam	blaOXY-3-1
beta-lactam	blaOXY-4-1
beta-lactam	blaOXY-5-1
beta-lactam	blaOXY-5-2
beta-lactam	blaOXY-6-1
beta-lactam	blaOXY-6-2
beta-lactam	blaOXY-6-3
beta-lactam	blaOXY-6-4
beta-lactam	blaPAM-1
beta-lactam	blaPAO
beta-lactam	blaPAU-1
beta-lactam	blaPEDO-1
beta-lactam	blaPEDO-2
beta-lactam	blaPEDO-3
beta-lactam	blaPER-1
beta-lactam	blaPER-2
beta-lactam	blaPER-3
beta-lactam	blaPER-4
beta-lactam	blaPER-5
beta-lactam	blaPER-6
beta-lactam	blaPER-7
beta-lactam	blaPLA1a
beta-lactam	blaPLA2a
beta-lactam	blaPLA-3A
beta-lactam	blaPLA-4A
beta-lactam	blaPLA-5A
beta-lactam	blaPLA-6A
beta-lactam	blaPME-1
beta-lactam	blaRAHN-1
beta-lactam	blaRAHN-2
beta-lactam	blaROB-1
beta-lactam	blaSCO-1
beta-lactam	blaSED1
beta-lactam	blaSFC-1
beta-lactam	blaSFO-1
beta-lactam	blaSGM-1
beta-lactam	blaSGM-2
beta-lactam	blaSGM-4
beta-lactam	blaSGM-5
beta-lactam	blaSGM-6
beta-lactam	blaSGM-7
beta-lactam	blaSHV-1
beta-lactam	blaSHV-100
beta-lactam	blaSHV-101
beta-lactam	blaSHV-102
beta-lactam	blaSHV-103
beta-lactam	blaSHV-104
beta-lactam	blaSHV-105
beta-lactam	blaSHV-106
beta-lactam	blaSHV-107
beta-lactam	blaSHV-108
beta-lactam	blaSHV-109
beta-lactam	blaSHV-11
beta-lactam	blaSHV-110
beta-lactam	blaSHV-111
beta-lactam	blaSHV-119
beta-lactam	blaSHV-12
beta-lactam	blaSHV-120
beta-lactam	blaSHV-121
beta-lactam	blaSHV-128
beta-lactam	blaSHV-129
beta-lactam	blaSHV-13
beta-lactam	blaSHV-132
beta-lactam	blaSHV-133
beta-lactam	blaSHV-134
beta-lactam	blaSHV-135
beta-lactam	blaSHV-137
beta-lactam	blaSHV-14
beta-lactam	blaSHV-141
beta-lactam	blaSHV-142
beta-lactam	blaSHV-143
beta-lactam	blaSHV-144
beta-lactam	blaSHV-145
beta-lactam	blaSHV-147
beta-lactam	blaSHV-148
beta-lactam	blaSHV-149
beta-lactam	blaSHV-15
beta-lactam	blaSHV-150
beta-lactam	blaSHV-151
beta-lactam	blaSHV-152
beta-lactam	blaSHV-153
beta-lactam	blaSHV-154
beta-lactam	blaSHV-155
beta-lactam	blaSHV-156
beta-lactam	blaSHV-157
beta-lactam	blaSHV-158
beta-lactam	blaSHV-159
beta-lactam	blaSHV-16
beta-lactam	blaSHV-160
beta-lactam	blaSHV-161
beta-lactam	blaSHV-162
beta-lactam	blaSHV-163
beta-lactam	blaSHV-164
beta-lactam	blaSHV-165
beta-lactam	blaSHV-168
beta-lactam	blaSHV-172
beta-lactam	blaSHV-173
beta-lactam	blaSHV-178
beta-lactam	blaSHV-179
beta-lactam	blaSHV-18
beta-lactam	blaSHV-180
beta-lactam	blaSHV-182
beta-lactam	blaSHV-183
beta-lactam	blaSHV-185
beta-lactam	blaSHV-186
beta-lactam	blaSHV-187
beta-lactam	blaSHV-188
beta-lactam	blaSHV-189
beta-lactam	blaSHV-190
beta-lactam	blaSHV-191
beta-lactam	blaSHV-193
beta-lactam	blaSHV-194
beta-lactam	blaSHV-195
beta-lactam	blaSHV-196
beta-lactam	blaSHV-197
beta-lactam	blaSHV-198
beta-lactam	blaSHV-199
beta-lactam	blaSHV-1b-b
beta-lactam	blaSHV-2
beta-lactam	blaSHV-200
beta-lactam	blaSHV-203
beta-lactam	blaSHV-204
beta-lactam	blaSHV-24
beta-lactam	blaSHV-25
beta-lactam	blaSHV-26
beta-lactam	blaSHV-27
beta-lactam	blaSHV-28
beta-lactam	blaSHV-29
beta-lactam	blaSHV-2a
beta-lactam	blaSHV-3
beta-lactam	blaSHV-30
beta-lactam	blaSHV-31
beta-lactam	blaSHV-32
beta-lactam	blaSHV-33
beta-lactam	blaSHV-34
beta-lactam	blaSHV-35
beta-lactam	blaSHV-36
beta-lactam	blaSHV-37
beta-lactam	blaSHV-38
beta-lactam	blaSHV-40
beta-lactam	blaSHV-41
beta-lactam	blaSHV-42
beta-lactam	blaSHV-43
beta-lactam	blaSHV-44
beta-lactam	blaSHV-45
beta-lactam	blaSHV-46
beta-lactam	blaSHV-48
beta-lactam	blaSHV-49
beta-lactam	blaSHV-5
beta-lactam	blaSHV-50
beta-lactam	blaSHV-51
beta-lactam	blaSHV-52
beta-lactam	blaSHV-55
beta-lactam	blaSHV-56
beta-lactam	blaSHV-57
beta-lactam	blaSHV-59
beta-lactam	blaSHV-60
beta-lactam	blaSHV-61
beta-lactam	blaSHV-62
beta-lactam	blaSHV-63
beta-lactam	blaSHV-64
beta-lactam	blaSHV-65
beta-lactam	blaSHV-66
beta-lactam	blaSHV-67
beta-lactam	blaSHV-69
beta-lactam	blaSHV-7
beta-lactam	blaSHV-70
beta-lactam	blaSHV-71
beta-lactam	blaSHV-72
beta-lactam	blaSHV-73
beta-lactam	blaSHV-74
beta-lactam	blaSHV-75
beta-lactam	blaSHV-76
beta-lactam	blaSHV-77
beta-lactam	blaSHV-78
beta-lactam	blaSHV-79
beta-lactam	blaSHV-8
beta-lactam	blaSHV-80
beta-lactam	blaSHV-81
beta-lactam	blaSHV-82
beta-lactam	blaSHV-85
beta-lactam	blaSHV-86
beta-lactam	blaSHV-89
beta-lactam	blaSHV-9
beta-lactam	blaSHV-92
beta-lactam	blaSHV-93
beta-lactam	blaSHV-94
beta-lactam	blaSHV-95
beta-lactam	blaSHV-96
beta-lactam	blaSHV-97
beta-lactam	blaSHV-98
beta-lactam	blaSHV-99
beta-lactam	blaSIM-1
beta-lactam	blaSMB-1
beta-lactam	blaSME-1
beta-lactam	blaSME-2
beta-lactam	blaSME-3
beta-lactam	blaSPG-1
beta-lactam	blaSPM-1
beta-lactam	blaSPU-1
beta-lactam	blaSRT-1
beta-lactam	blaSRT-2
beta-lactam	blaSST-1
beta-lactam	blaTEM-10
beta-lactam	blaTEM-101
beta-lactam	blaTEM-102
beta-lactam	blaTEM-104
beta-lactam	blaTEM-105
beta-lactam	blaTEM-106
beta-lactam	blaTEM-107
beta-lactam	blaTEM-108
beta-lactam	blaTEM-109
beta-lactam	blaTEM-11
beta-lactam	blaTEM-110
beta-lactam	blaTEM-111
beta-lactam	blaTEM-112
beta-lactam	blaTEM-113
beta-lactam	blaTEM-114
beta-lactam	blaTEM-115
beta-lactam	blaTEM-116
beta-lactam	blaTEM-12
beta-lactam	blaTEM-120
beta-lactam	blaTEM-121
beta-lactam	blaTEM-122
beta-lactam	blaTEM-123
beta-lactam	blaTEM-124
beta-lactam	blaTEM-125
beta-lactam	blaTEM-126
beta-lactam	blaTEM-127
beta-lactam	blaTEM-128
beta-lactam	blaTEM-129
beta-lactam	blaTEM-130
beta-lactam	blaTEM-131
beta-lactam	blaTEM-132
beta-lactam	blaTEM-133
beta-lactam	blaTEM-134
beta-lactam	blaTEM-135
beta-lactam	blaTEM-136
beta-lactam	blaTEM-137
beta-lactam	blaTEM-138
beta-lactam	blaTEM-139
beta-lactam	blaTEM-141
beta-lactam	blaTEM-142
beta-lactam	blaTEM-143
beta-lactam	blaTEM-144
beta-lactam	blaTEM-145
beta-lactam	blaTEM-146
beta-lactam	blaTEM-147
beta-lactam	blaTEM-148
beta-lactam	blaTEM-149
beta-lactam	blaTEM-15
beta-lactam	blaTEM-150
beta-lactam	blaTEM-151
beta-lactam	blaTEM-152
beta-lactam	blaTEM-153
beta-lactam	blaTEM-154
beta-lactam	blaTEM-155
beta-lactam	blaTEM-156
beta-lactam	blaTEM-157
beta-lactam	blaTEM-158
beta-lactam	blaTEM-159
beta-lactam	blaTEM-16
beta-lactam	blaTEM-160
beta-lactam	blaTEM-162
beta-lactam	blaTEM-163
beta-lactam	blaTEM-164
beta-lactam	blaTEM-166
beta-lactam	blaTEM-167
beta-lactam	blaTEM-168
beta-lactam	blaTEM-169
beta-lactam	blaTEM-17
beta-lactam	blaTEM-171
beta-lactam	blaTEM-176
beta-lactam	blaTEM-177
beta-lactam	blaTEM-178
beta-lactam	blaTEM-181
beta-lactam	blaTEM-182
beta-lactam	blaTEM-183
beta-lactam	blaTEM-184
beta-lactam	blaTEM-185
beta-lactam	blaTEM-186
beta-lactam	blaTEM-187
beta-lactam	blaTEM-188
beta-lactam	blaTEM-189
beta-lactam	blaTEM-19
beta-lactam	blaTEM-190
beta-lactam	blaTEM-191
beta-lactam	blaTEM-193
beta-lactam	blaTEM-194
beta-lactam	blaTEM-195
beta-lactam	blaTEM-196
beta-lactam	blaTEM-197
beta-lactam	blaTEM-198
beta-lactam	blaTEM-1A
beta-lactam	blaTEM-1B
beta-lactam	blaTEM-1C
beta-lactam	blaTEM-1D
beta-lactam	blaTEM-2
beta-lactam	blaTEM-20
beta-lactam	blaTEM-201
beta-lactam	blaTEM-205
beta-lactam	blaTEM-206
beta-lactam	blaTEM-207
beta-lactam	blaTEM-208
beta-lactam	blaTEM-209
beta-lactam	blaTEM-21
beta-lactam	blaTEM-210
beta-lactam	blaTEM-211
beta-lactam	blaTEM-212
beta-lactam	blaTEM-213
beta-lactam	blaTEM-214
beta-lactam	blaTEM-215
beta-lactam	blaTEM-216
beta-lactam	blaTEM-217
beta-lactam	blaTEM-219
beta-lactam	blaTEM-22
beta-lactam	blaTEM-220
beta-lactam	blaTEM-224
beta-lactam	blaTEM-225
beta-lactam	blaTEM-226
beta-lactam	blaTEM-227
beta-lactam	blaTEM-229
beta-lactam	blaTEM-230
beta-lactam	blaTEM-231
beta-lactam	blaTEM-232
beta-lactam	blaTEM-233
beta-lactam	blaTEM-234
beta-lactam	blaTEM-24
beta-lactam	blaTEM-26
beta-lactam	blaTEM-28
beta-lactam	blaTEM-29
beta-lactam	blaTEM-3
beta-lactam	blaTEM-30
beta-lactam	blaTEM-32
beta-lactam	blaTEM-33
beta-lactam	blaTEM-34
beta-lactam	blaTEM-35
beta-lactam	blaTEM-36
beta-lactam	blaTEM-4
beta-lactam	blaTEM-40
beta-lactam	blaTEM-43
beta-lactam	blaTEM-45
beta-lactam	blaTEM-47
beta-lactam	blaTEM-48
beta-lactam	blaTEM-49
beta-lactam	blaTEM-52
beta-lactam	blaTEM-52B
beta-lactam	blaTEM-52C
beta-lactam	blaTEM-53
beta-lactam	blaTEM-54
beta-lactam	blaTEM-55
beta-lactam	blaTEM-57
beta-lactam	blaTEM-6
beta-lactam	blaTEM-60
beta-lactam	blaTEM-63
beta-lactam	blaTEM-67
beta-lactam	blaTEM-68
beta-lactam	blaTEM-70
beta-lactam	blaTEM-71
beta-lactam	blaTEM-72
beta-lactam	blaTEM-76
beta-lactam	blaTEM-77
beta-lactam	blaTEM-78
beta-lactam	blaTEM-79
beta-lactam	blaTEM-8
beta-lactam	blaTEM-80
beta-lactam	blaTEM-81
beta-lactam	blaTEM-82
beta-lactam	blaTEM-83
beta-lactam	blaTEM-84
beta-lactam	blaTEM-85
beta-lactam	blaTEM-86
beta-lactam	blaTEM-87
beta-lactam	blaTEM-88
beta-lactam	blaTEM-9
beta-lactam	blaTEM-90
beta-lactam	blaTEM-91
beta-lactam	blaTEM-92
beta-lactam	blaTEM-93
beta-lactam	blaTEM-94
beta-lactam	blaTEM-95
beta-lactam	blaTEM-96
beta-lactam	blaTEM-97
beta-lactam	blaTEM-98
beta-lactam	blaTEM-99
beta-lactam	blaTER-1
beta-lactam	blaTER-2
beta-lactam	blaTLA-1
beta-lactam	blaTMB-1
beta-lactam	blaTMB-2
beta-lactam	blaTRU
beta-lactam	blaTUS-1
beta-lactam	blaVCC-1
beta-lactam	blaVEB-1
beta-lactam	blaVEB-2
beta-lactam	blaVEB-3
beta-lactam	blaVEB-4
beta-lactam	blaVEB-5
beta-lactam	blaVEB-6
beta-lactam	blaVEB-7
beta-lactam	blaVEB-8
beta-lactam	blaVHH-1
beta-lactam	blaVHW-1
beta-lactam	blaVIM-1
beta-lactam	blaVIM-10
beta-lactam	blaVIM-11
beta-lactam	blaVIM-12
beta-lactam	blaVIM-13
beta-lactam	blaVIM-14
beta-lactam	blaVIM-15
beta-lactam	blaVIM-16
beta-lactam	blaVIM-17
beta-lactam	blaVIM-18
beta-lactam	blaVIM-19
beta-lactam	blaVIM-2
beta-lactam	blaVIM-20
beta-lactam	blaVIM-23
beta-lactam	blaVIM-24
beta-lactam	blaVIM-25
beta-lactam	blaVIM-26
beta-lactam	blaVIM-27
beta-lactam	blaVIM-28
beta-lactam	blaVIM-29
beta-lactam	blaVIM-3
beta-lactam	blaVIM-30
beta-lactam	blaVIM-31
beta-lactam	blaVIM-32
beta-lactam	blaVIM-33
beta-lactam	blaVIM-34
beta-lactam	blaVIM-35
beta-lactam	blaVIM-36
beta-lactam	blaVIM-37
beta-lactam	blaVIM-38
beta-lactam	blaVIM-39
beta-lactam	blaVIM-4
beta-lactam	blaVIM-40
beta-lactam	blaVIM-41
beta-lactam	blaVIM-42
beta-lactam	blaVIM-43
beta-lactam	blaVIM-44
beta-lactam	blaVIM-45
beta-lactam	blaVIM-46
beta-lactam	blaVIM-47
beta-lactam	blaVIM-48
beta-lactam	blaVIM-49
beta-lactam	blaVIM-5
beta-lactam	blaVIM-50
beta-lactam	blaVIM-51
beta-lactam	blaVIM-52
beta-lactam	blaVIM-54
beta-lactam	blaVIM-56
beta-lactam	blaVIM-57
beta-lactam	blaVIM-6
beta-lactam	blaVIM-7
beta-lactam	blaVIM-8
beta-lactam	blaVIM-9
beta-lactam	blaVMB-1
beta-lactam	blaVMB-2
beta-lactam	blaZ
beta-lactam	blaZEG-1
beta-lactam	cepA
beta-lactam	cepA-29
beta-lactam	cepA-44
beta-lactam	cepA-49
beta-lactam	cfiA1
beta-lactam	cfiA10
beta-lactam	cfiA13
beta-lactam	cfiA14
beta-lactam	cfiA2
beta-lactam	cfiA3
beta-lactam	cfiA4
beta-lactam	cfiA6
beta-lactam	cfiA8
beta-lactam	cfiA9
beta-lactam	cfxA
beta-lactam	cfxA2
beta-lactam	cfxA3
beta-lactam	cfxA4
beta-lactam	cfxA5
beta-lactam	cfxA6
beta-lactam	cphA1
beta-lactam	cphA2
beta-lactam	cphA4
beta-lactam	cphA5
beta-lactam	cphA6
beta-lactam	cphA7
beta-lactam	cphA8
beta-lactam	hugA
beta-lactam	imiH
beta-lactam	imiS
beta-lactam	mecA
beta-lactam	mecA1
beta-lactam	mecA2
beta-lactam	mecB
beta-lactam	mecC
beta-lactam	mecC2
beta-lactam	mecD
beta-lactam	penA
beta-lactam	POM-1
colistin	mcr-10
colistin	mcr-1.1
colistin	mcr-1.10
colistin	mcr-1.11
colistin	mcr-1.12
colistin	mcr-1.13
colistin	mcr-1.14
colistin	mcr-1.2
colistin	mcr-1.26
colistin	mcr-1.27
colistin	mcr-1.3
colistin	mcr-1.4
colistin	mcr-1.5
colistin	mcr-1.6
colistin	mcr-1.7
colistin	mcr-1.8
colistin	mcr-1.9
colistin	mcr-2.1
colistin	mcr-2.2
colistin	mcr-3.1
colistin	mcr-3.10
colistin	mcr-3.11
colistin	mcr-3.12
colistin	mcr-3.13
colistin	mcr-3.14
colistin	mcr-3.15
colistin	mcr-3.16
colistin	mcr-3.17
colistin	mcr-3.18
colistin	mcr-3.19
colistin	mcr-3.2
colistin	mcr-3.20
colistin	mcr-3.21
colistin	mcr-3.22
colistin	mcr-3.23
colistin	mcr-3.24
colistin	mcr-3.25
colistin	mcr-3.3
colistin	mcr-3.4
colistin	mcr-3.5
colistin	mcr-3.6
colistin	mcr-3.7
colistin	mcr-3.8
colistin	mcr-3.9
colistin	mcr-4.1
colistin	mcr-4.2
colistin	mcr-4.3
colistin	mcr-4.4
colistin	mcr-4.5
colistin	mcr-4.6
colistin	mcr-5.1
colistin	mcr-5.2
colistin	mcr-6.1
colistin	mcr-7.1
colistin	mcr-8
colistin	mcr-9
disinfectant	ClpL
disinfectant	formA
disinfectant	OqxA
disinfectant	OqxB
disinfectant	qacA
disinfectant	qacA4
disinfectant	qacB
disinfectant	qacC
disinfectant	qacD
disinfectant	qacE
disinfectant	qacF
disinfectant	qacG
disinfectant	qacH
disinfectant	qacJ
disinfectant	qacZ
disinfectant	sitABCD
fosfomycin	fomA
fosfomycin	fomB
fosfomycin	fos
fosfomycin	fosA
fosfomycin	fosA2
fosfomycin	fosA3
fosfomycin	fosA4
fosfomycin	fosA5
fosfomycin	fosA6
fosfomycin	fosA7
fosfomycin	fosB
fosfomycin	fosB1
fosfomycin	fosB2
fosfomycin	fosB3
fosfomycin	fosB4
fosfomycin	fosB5
fosfomycin	fosB6
fosfomycin	fosC
fosfomycin	fosC2
fosfomycin	fosD
fosfomycin	fosE
fosfomycin	fosF
fosfomycin	fosG
fosfomycin	fosK
fosfomycin	fosL1
fosfomycin	fosX
fusidicacid	fusB
fusidicacid	fusC
glycopeptide	dldHA2X
glycopeptide	VanA
glycopeptide	VanC1XY
glycopeptide	VanC2
glycopeptide	VanC2XY
glycopeptide	VanC3XY
glycopeptide	VanC4XY
glycopeptide	VanE
glycopeptide	VanEXY
glycopeptide	VanG2XY
glycopeptide	VanGXY
glycopeptide	VanH
glycopeptide	VanHAX
glycopeptide	VanHBX
glycopeptide	VanHDX
glycopeptide	VanHFX
glycopeptide	VanHMX
glycopeptide	VanHOX
glycopeptide	VanLXY
glycopeptide	VanNXY
glycopeptide	VanX
glycopeptide	vanXmurFvanKWI
glycopeptide	vanXmurFvanWI
glycopeptide	VanXY
macrolide	car(A)
macrolide	cfr
macrolide	cmr
macrolide	ere(A)
macrolide	ere(B)
macrolide	ere(D)
macrolide	erm(30)
macrolide	erm(31)
macrolide	erm(32)
macrolide	erm(33)
macrolide	erm(34)
macrolide	erm(35)
macrolide	erm(36)
macrolide	erm(37)
macrolide	erm(38)
macrolide	erm(39)
macrolide	erm(40)
macrolide	erm(41)
macrolide	erm(42)
macrolide	erm(43)
macrolide	erm(44)
macrolide	erm(44)v
macrolide	erm(45)
macrolide	erm(46)
macrolide	erm(47)
macrolide	erm(48)
macrolide	erm(50)
macrolide	erm(A)
macrolide	erm(B)
macrolide	erm(C)
macrolide	erm(D)
macrolide	erm(E)
macrolide	erm(F)
macrolide	erm(G)
macrolide	erm(H)
macrolide	erm(N)
macrolide	erm(O)
macrolide	erm(Q)
macrolide	erm(R)
macrolide	erm(S)
macrolide	erm(T)
macrolide	erm(U)
macrolide	erm(V)
macrolide	erm(W)
macrolide	erm(X)
macrolide	erm(Y)
macrolide	erm(Z)
macrolide	lmr(A)
macrolide	lnu(A)
macrolide	lnu(B)
macrolide	lnu(C)
macrolide	lnu(D)
macrolide	lnu(E)
macrolide	lnu(F)
macrolide	lnu(G)
macrolide	lnu(P)
macrolide	lsa(A)
macrolide	lsa(B)
macrolide	lsa(C)
macrolide	lsa(E)
macrolide	mdf(A)
macrolide	mdt(A)
macrolide	mef(A)
macrolide	mef(B)
macrolide	mef(C)
macrolide	mph(A)
macrolide	mph(B)
macrolide	mph(C)
macrolide	mph(D)
macrolide	mph(E)
macrolide	mph(F)
macrolide	mph(G)
macrolide	mph(I)
macrolide	mph(J)
macrolide	mph(K)
macrolide	mph(N)
macrolide	mre(A)
macrolide	msr(A)
macrolide	msr(C)
macrolide	msr(D)
macrolide	msr(E)
macrolide	ole(B)
macrolide	ole(C)
macrolide	sal(A)
macrolide	srm(B)
macrolide	tlr(C)
macrolide	tva(A)
macrolide	vat(A)
macrolide	vat(B)
macrolide	vat(C)
macrolide	vat(D)
macrolide	vat(E)
macrolide	vat(F)
macrolide	vat(H)
macrolide	vga(A)
macrolide	vga(A)LC
macrolide	vga(A)V
macrolide	vga(B)
macrolide	vga(C)
macrolide	vga(D)
macrolide	vga(E)
macrolide	vgb(A)
macrolide	vgb(B)
nitroimidazole	nimA
nitroimidazole	nimB
nitroimidazole	nimC
nitroimidazole	nimD
nitroimidazole	nimE
nitroimidazole	nimF
nitroimidazole	nimH
nitroimidazole	nimI
nitroimidazole	nimJ
oxazolidinone	cfr
oxazolidinone	cfr(B)
oxazolidinone	optrA
oxazolidinone	poxtA
phenicol	cat
phenicol	cat86
phenicol	catA1
phenicol	catA2
phenicol	catA3
phenicol	catB
phenicol	catB1
phenicol	catB10
phenicol	catB2
phenicol	catB3
phenicol	catB7
phenicol	catB8
phenicol	catB9
phenicol	catP
phenicol	cat(pC194)
phenicol	cat(pC221)
phenicol	cat(pC233)
phenicol	catQ
phenicol	catS
phenicol	catT
phenicol	cfr
phenicol	cfr(B)
phenicol	cfr(C)
phenicol	Cfr(D)
phenicol	Cfr(E)
phenicol	cml
phenicol	cmlA1
phenicol	cmlB1
phenicol	cmlV
phenicol	cmrA
phenicol	cmx
phenicol	EstDL136
phenicol	fexA
phenicol	fexB
phenicol	floR
phenicol	pexA
pseudomonicacid	mupA
pseudomonicacid	mupB
quinolone	aac(6')-Ib-cr
quinolone	crpP
quinolone	OqxA
quinolone	OqxB
quinolone	qepA
quinolone	qepA1
quinolone	qepA2
quinolone	qepA3
quinolone	qepA4
quinolone	qnrA1
quinolone	qnrA2
quinolone	qnrA3
quinolone	qnrA4
quinolone	qnrA5
quinolone	qnrA6
quinolone	qnrA7
quinolone	qnrA8
quinolone	qnrB1
quinolone	qnrB10
quinolone	qnrB11
quinolone	qnrB12
quinolone	qnrB13
quinolone	qnrB14
quinolone	qnrB15
quinolone	qnrB16
quinolone	qnrB17
quinolone	qnrB18
quinolone	qnrB19
quinolone	qnrB2
quinolone	qnrB20
quinolone	qnrB21
quinolone	qnrB22
quinolone	qnrB23
quinolone	qnrB24
quinolone	qnrB25
quinolone	qnrB26
quinolone	qnrB27
quinolone	qnrB28
quinolone	qnrB29
quinolone	qnrB3
quinolone	qnrB30
quinolone	qnrB31
quinolone	qnrB32
quinolone	qnrB33
quinolone	qnrB34
quinolone	qnrB35
quinolone	qnrB36
quinolone	qnrB37
quinolone	qnrB38
quinolone	qnrB39
quinolone	qnrB4
quinolone	qnrB40
quinolone	qnrB41
quinolone	qnrB42
quinolone	qnrB43
quinolone	qnrB44
quinolone	qnrB45
quinolone	qnrB46
quinolone	qnrB47
quinolone	qnrB48
quinolone	qnrB49
quinolone	qnrB5
quinolone	qnrB50
quinolone	qnrB51
quinolone	qnrB52
quinolone	qnrB53
quinolone	qnrB54
quinolone	qnrB55
quinolone	qnrB56
quinolone	qnrB57
quinolone	qnrB58
quinolone	qnrB59
quinolone	qnrB6
quinolone	qnrB60
quinolone	qnrB61
quinolone	qnrB62
quinolone	qnrB64
quinolone	qnrB65
quinolone	qnrB66
quinolone	qnrB67
quinolone	qnrB68
quinolone	qnrB69
quinolone	qnrB7
quinolone	qnrB70
quinolone	qnrB71
quinolone	qnrB72
quinolone	qnrB73
quinolone	qnrB74
quinolone	qnrB75
quinolone	qnrB76
quinolone	qnrB77
quinolone	qnrB78
quinolone	qnrB8
quinolone	qnrB80
quinolone	qnrB81
quinolone	qnrB82
quinolone	qnrB89
quinolone	qnrB9
quinolone	qnrB90
quinolone	qnrB91
quinolone	qnrC
quinolone	qnrD1
quinolone	qnrD2
quinolone	qnrD3
quinolone	qnrE1
quinolone	qnrS1
quinolone	qnrS10
quinolone	qnrS11
quinolone	qnrS12
quinolone	qnrS13
quinolone	qnrS2
quinolone	qnrS3
quinolone	qnrS4
quinolone	qnrS5
quinolone	qnrS6
quinolone	qnrS7
quinolone	qnrS8
quinolone	qnrS9
quinolone	qnrVC1
quinolone	qnrVC3
quinolone	qnrVC4
quinolone	qnrVC5
quinolone	qnrVC6
quinolone	qnrVC7
rifampicin	ARR-2
rifampicin	ARR-3
rifampicin	ARR-4
rifampicin	ARR-5
rifampicin	ARR-6
rifampicin	ARR-7
rifampicin	ARR-8
sulphonamide	sul1
sulphonamide	sul2
sulphonamide	sul3
sulphonamide	sul4
tetracycline	otr(A)
tetracycline	otr(B)
tetracycline	otr(C)
tetracycline	tcr3
tetracycline	tet
tetracycline	tet(30)
tetracycline	tet(31)
tetracycline	tet(32)
tetracycline	tet(33)
tetracycline	tet(34)
tetracycline	tet(35)
tetracycline	tet(36)
tetracycline	tet(37)
tetracycline	tet(39)
tetracycline	tet(40)
tetracycline	tet(41)
tetracycline	tet(42)
tetracycline	tet(43)
tetracycline	tet(44)
tetracycline	tet(45)
tetracycline	tet(47)
tetracycline	tet(48)
tetracycline	tet(49)
tetracycline	tet(50)
tetracycline	tet(51)
tetracycline	tet(52)
tetracycline	tet(53)
tetracycline	tet(54)
tetracycline	tet(55)
tetracycline	tet(57)
tetracycline	tet(59)
tetracycline	tet(A)
tetracycline	tetA(46)
tetracycline	tetA(60)
tetracycline	tetA(P)
tetracycline	tet(B)
tetracycline	tetB(46)
tetracycline	tetB(60)
tetracycline	tetB(P)
tetracycline	tet(C)
tetracycline	tet(D)
tetracycline	tet(E)
tetracycline	tet(G)
tetracycline	tet(H)
tetracycline	tet(J)
tetracycline	tet(K)
tetracycline	tet(L)
tetracycline	tet(M)
tetracycline	tet(O)
tetracycline	tet(O/32/O)
tetracycline	tet(O/W)
tetracycline	tet(O/W)-1
tetracycline	tet(O/W)-2
tetracycline	tet(O/W/32/O)
tetracycline	tet(O/W/32/O/W/O)
tetracycline	tet(O/W/O)-1
tetracycline	tet(O/W/O)-2
tetracycline	tet(O/W/O)-3
tetracycline	tet(Q)
tetracycline	tet(S)
tetracycline	tet(S/M)
tetracycline	tet(T)
tetracycline	tet(V)
tetracycline	tet(W)
tetracycline	tet(W/32/O)
tetracycline	tet(X)
tetracycline	tet(X3)
tetracycline	tet(X4)
tetracycline	tet(X5)
tetracycline	tet(X6)
tetracycline	tet(Y)
tetracycline	tet(Z)
trimethoprim	dfrA1
trimethoprim	dfrA10
trimethoprim	dfrA12
trimethoprim	dfrA13
trimethoprim	dfrA14
trimethoprim	dfrA15
trimethoprim	dfrA16
trimethoprim	dfrA17
trimethoprim	dfrA18
trimethoprim	dfrA19
trimethoprim	dfrA20
trimethoprim	dfrA21
trimethoprim	dfrA22
trimethoprim	dfrA23
trimethoprim	dfrA24
trimethoprim	dfrA25
trimethoprim	dfrA26
trimethoprim	dfrA27
trimethoprim	dfrA28
trimethoprim	dfrA29
trimethoprim	dfrA3
trimethoprim	dfrA30
trimethoprim	dfrA31
trimethoprim	dfrA32
trimethoprim	dfrA34
trimethoprim	dfrA35
trimethoprim	dfrA36
trimethoprim	dfrA5
trimethoprim	dfrA6
trimethoprim	dfrA7
trimethoprim	dfrA8
trimethoprim	dfrA9
trimethoprim	dfrB1
trimethoprim	dfrB2
trimethoprim	dfrB3
trimethoprim	dfrB4
trimethoprim	dfrB5
trimethoprim	dfrB6
trimethoprim	dfrB7
trimethoprim	dfrB8
trimethoprim	dfrD
trimethoprim	dfrG
trimethoprim	dfrK
